is_weekend,mean,std,count
False,331.6666666666667,7.637626158259735,3
True,345.0,21.213203435596427,2
