is_weekend,mean,std,count
False,1833.3333333333333,650.6407098647711,3
True,1850.0,494.9747468305833,2
